record_id,sensor_id,location,soil_moisture_percent,temperature_celsius,humidity_percent,timestamp,status,battery_voltage,irrigation_action
1,SENSOR_4,Farm B,25.6,29.9,41.1,2025-07-03 04:32:45,Wet,3.62,Reduce Irrigation
2,SENSOR_1,Farm A,57.29,27.1,62.5,2025-07-01 00:30:45,Critical Low,3.58,Reduce Irrigation
3,SENSOR_9,Farm C,45.26,23.3,82.4,2025-07-03 10:39:45,Dry,3.03,None
4,SENSOR_8,Farm C,37.93,31.8,73.9,2025-06-30 23:43:45,Dry,3.41,Irrigate
5,SENSOR_8,Farm A,13.58,29.6,78.4,2025-07-04 03:53:45,Dry,3.46,Reduce Irrigation
6,SENSOR_5,Farm B,13.58,20.8,69.5,2025-07-04 04:03:45,Dry,3.48,Irrigate
7,SENSOR_4,Farm C,8.19,33.5,71.5,2025-07-07 06:41:45,Normal,3.7,None
8,SENSOR_18,Farm B,52.64,32.0,81.0,2025-07-03 00:36:45,Wet,3.64,Irrigate
9,SENSOR_3,Farm B,38.06,34.1,45.0,2025-07-04 09:43:45,Normal,3.73,Reduce Irrigation
10,SENSOR_19,Farm B,43.94,30.3,59.4,2025-07-07 10:28:45,Critical High,3.92,Reduce Irrigation
11,SENSOR_14,Farm A,6.13,28.4,43.3,2025-07-01 02:08:45,Critical High,3.98,Irrigate
12,SENSOR_2,Farm A,58.35,25.1,89.3,2025-07-06 23:17:45,Critical High,3.86,Reduce Irrigation
13,SENSOR_1,Farm B,50.78,33.9,86.6,2025-06-30 15:05:45,Normal,4.15,Irrigate
14,SENSOR_3,Farm D,16.68,32.7,32.4,2025-07-01 21:02:45,Wet,3.02,Reduce Irrigation
15,SENSOR_7,Farm A,15.0,18.8,72.3,2025-07-04 06:31:45,Critical High,3.23,Reduce Irrigation
16,SENSOR_8,Farm D,15.09,18.4,85.5,2025-07-04 21:50:45,Dry,3.01,Reduce Irrigation
17,SENSOR_17,Farm D,21.73,24.4,40.8,2025-06-30 14:54:45,Critical High,3.78,Irrigate
18,SENSOR_20,Farm B,33.86,31.8,64.1,2025-07-03 12:28:45,Critical Low,4.08,Reduce Irrigation
19,SENSOR_1,Farm D,28.76,34.8,84.9,2025-07-05 00:52:45,Dry,3.29,Reduce Irrigation
20,SENSOR_18,Farm D,21.02,20.6,32.0,2025-07-05 08:45:45,Dry,4.11,Irrigate
21,SENSOR_7,Farm D,38.65,28.1,71.8,2025-07-04 16:14:45,Dry,3.07,Irrigate
22,SENSOR_18,Farm B,12.67,24.5,47.8,2025-07-05 23:20:45,Critical High,4.12,None
23,SENSOR_14,Farm B,21.07,34.5,85.5,2025-07-06 10:09:45,Dry,3.42,Irrigate
24,SENSOR_8,Farm A,25.15,32.3,88.3,2025-07-07 01:55:45,Critical Low,3.12,Irrigate
25,SENSOR_15,Farm A,30.08,32.3,86.7,2025-07-04 00:19:45,Normal,3.58,Reduce Irrigation
26,SENSOR_19,Farm D,48.18,26.0,58.5,2025-07-02 12:18:45,Critical Low,3.31,None
27,SENSOR_9,Farm B,15.98,25.1,81.7,2025-07-07 03:34:45,Wet,3.34,Irrigate
28,SENSOR_1,Farm B,33.28,22.6,80.7,2025-06-30 22:25:45,Dry,3.37,Reduce Irrigation
29,SENSOR_6,Farm D,37.58,19.0,49.1,2025-07-03 09:03:45,Critical Low,3.96,Irrigate
30,SENSOR_14,Farm A,7.55,32.7,79.7,2025-07-06 00:47:45,Critical High,3.65,Reduce Irrigation
31,SENSOR_11,Farm B,38.41,31.8,32.2,2025-07-06 12:04:45,Wet,3.37,Reduce Irrigation
32,SENSOR_9,Farm A,14.38,35.0,65.8,2025-07-04 04:05:45,Critical Low,3.73,Reduce Irrigation
33,SENSOR_5,Farm D,8.58,34.9,43.8,2025-07-03 19:28:45,Dry,3.86,None
34,SENSOR_7,Farm B,57.19,27.4,37.2,2025-07-02 19:13:45,Critical High,3.33,Reduce Irrigation
35,SENSOR_11,Farm D,58.11,31.1,34.6,2025-07-05 12:43:45,Dry,3.5,Irrigate
36,SENSOR_4,Farm C,49.46,34.1,71.8,2025-07-05 05:51:45,Wet,3.15,Irrigate
37,SENSOR_3,Farm D,21.75,32.4,50.4,2025-07-06 00:35:45,Critical Low,3.22,Reduce Irrigation
38,SENSOR_13,Farm D,10.37,22.2,73.5,2025-07-01 09:23:45,Dry,3.82,Reduce Irrigation
39,SENSOR_4,Farm D,42.63,25.7,33.9,2025-07-03 08:46:45,Wet,3.22,Reduce Irrigation
40,SENSOR_12,Farm B,29.21,20.2,48.9,2025-07-01 11:43:45,Critical High,3.63,None
41,SENSOR_12,Farm D,11.71,34.2,62.4,2025-07-01 19:39:45,Critical Low,3.85,Reduce Irrigation
42,SENSOR_20,Farm D,32.23,28.3,77.4,2025-07-04 10:15:45,Critical Low,3.13,None
43,SENSOR_9,Farm C,6.89,21.9,49.1,2025-07-05 15:45:45,Wet,3.68,Reduce Irrigation
44,SENSOR_2,Farm B,55.01,29.4,67.6,2025-07-04 14:30:45,Critical Low,3.31,Irrigate
45,SENSOR_15,Farm C,19.23,28.5,83.2,2025-07-02 01:06:45,Critical High,4.16,None
46,SENSOR_18,Farm D,41.44,24.1,67.0,2025-07-04 04:05:45,Critical High,3.58,Reduce Irrigation
47,SENSOR_4,Farm B,22.14,19.9,44.0,2025-07-03 16:11:45,Critical Low,3.97,Reduce Irrigation
48,SENSOR_13,Farm C,33.6,29.4,31.5,2025-07-06 05:14:45,Dry,3.66,Reduce Irrigation
49,SENSOR_3,Farm D,35.07,26.8,82.2,2025-07-02 04:47:45,Dry,3.05,Reduce Irrigation
50,SENSOR_18,Farm A,15.17,31.1,31.3,2025-07-06 16:07:45,Critical High,3.76,Irrigate
51,SENSOR_10,Farm C,58.33,26.8,82.5,2025-07-05 22:14:45,Dry,4.14,None
52,SENSOR_20,Farm B,47.63,32.5,61.7,2025-07-04 23:04:45,Wet,3.72,Reduce Irrigation
53,SENSOR_12,Farm C,56.67,27.4,86.3,2025-07-03 00:09:45,Normal,3.98,None
54,SENSOR_19,Farm C,54.22,27.5,77.9,2025-07-01 04:29:45,Critical Low,4.06,None
55,SENSOR_7,Farm C,37.88,32.9,89.9,2025-07-03 08:48:45,Wet,3.27,Reduce Irrigation
56,SENSOR_3,Farm A,55.7,24.9,51.0,2025-07-06 12:01:45,Critical High,3.25,Reduce Irrigation
57,SENSOR_2,Farm B,9.87,20.3,76.0,2025-07-03 00:56:45,Normal,3.73,None
58,SENSOR_8,Farm B,15.78,18.5,54.1,2025-07-07 08:52:45,Critical High,3.49,None
59,SENSOR_10,Farm B,7.49,30.8,58.8,2025-07-04 12:28:45,Normal,4.01,None
60,SENSOR_3,Farm D,22.89,28.5,67.7,2025-07-01 10:09:45,Wet,4.08,Irrigate
61,SENSOR_8,Farm B,26.38,30.0,82.4,2025-07-06 02:56:45,Normal,3.42,Irrigate
62,SENSOR_4,Farm B,19.92,21.6,89.0,2025-07-02 08:29:45,Dry,3.28,Irrigate
63,SENSOR_13,Farm A,50.58,20.3,76.1,2025-07-03 08:02:45,Wet,3.94,None
64,SENSOR_9,Farm D,24.62,18.2,55.1,2025-07-04 13:05:45,Critical Low,3.33,Irrigate
65,SENSOR_15,Farm D,20.45,24.0,55.3,2025-06-30 21:03:45,Critical High,3.99,Reduce Irrigation
66,SENSOR_12,Farm C,34.85,28.0,74.3,2025-07-03 04:38:45,Dry,3.51,None
67,SENSOR_6,Farm D,12.75,24.7,44.3,2025-07-03 07:14:45,Critical Low,3.8,Irrigate
68,SENSOR_12,Farm D,49.12,25.4,36.6,2025-07-06 07:05:45,Normal,3.11,Reduce Irrigation
69,SENSOR_12,Farm A,9.1,33.4,51.3,2025-07-04 20:50:45,Dry,3.75,Reduce Irrigation
70,SENSOR_7,Farm B,59.28,23.9,47.2,2025-07-02 03:56:45,Critical Low,3.54,Irrigate
71,SENSOR_9,Farm D,47.47,26.7,47.8,2025-07-07 05:50:45,Wet,3.7,Reduce Irrigation
72,SENSOR_3,Farm D,15.93,31.3,44.0,2025-07-01 03:22:45,Normal,3.2,Reduce Irrigation
73,SENSOR_20,Farm A,5.3,24.7,32.5,2025-07-03 19:06:45,Critical Low,3.88,None
74,SENSOR_6,Farm D,49.85,28.6,31.1,2025-06-30 14:05:45,Normal,4.04,Reduce Irrigation
75,SENSOR_18,Farm D,43.88,32.7,89.3,2025-07-05 00:14:45,Critical Low,3.26,None
76,SENSOR_8,Farm A,45.1,34.1,55.7,2025-07-06 19:25:45,Critical High,3.11,Reduce Irrigation
77,SENSOR_6,Farm C,47.42,20.5,53.1,2025-07-02 05:54:45,Wet,3.03,None
78,SENSOR_15,Farm C,9.07,33.8,70.8,2025-07-04 02:09:45,Dry,3.77,Reduce Irrigation
79,SENSOR_13,Farm D,24.72,26.4,43.1,2025-07-02 21:11:45,Critical Low,3.73,Irrigate
80,SENSOR_9,Farm D,11.37,22.4,87.0,2025-07-06 04:49:45,Normal,3.66,Reduce Irrigation
81,SENSOR_18,Farm B,52.47,25.8,77.2,2025-07-05 22:30:45,Wet,3.28,Irrigate
82,SENSOR_8,Farm D,39.28,34.7,35.4,2025-07-07 00:18:45,Dry,3.47,Reduce Irrigation
83,SENSOR_11,Farm B,23.2,26.4,55.1,2025-07-07 02:31:45,Normal,3.71,Irrigate
84,SENSOR_2,Farm C,8.5,23.6,82.7,2025-07-04 01:34:45,Wet,3.6,Irrigate
85,SENSOR_8,Farm D,22.1,28.8,86.7,2025-07-01 22:09:45,Normal,4.19,None
86,SENSOR_2,Farm D,22.89,22.1,58.0,2025-07-06 04:58:45,Wet,3.16,Irrigate
87,SENSOR_11,Farm A,45.13,19.3,66.8,2025-07-06 10:08:45,Dry,3.83,Reduce Irrigation
88,SENSOR_13,Farm D,40.07,20.2,40.0,2025-07-04 20:34:45,Dry,3.49,Irrigate
89,SENSOR_9,Farm C,53.8,20.2,89.5,2025-07-01 09:53:45,Normal,3.51,Reduce Irrigation
90,SENSOR_3,Farm D,30.97,20.6,43.9,2025-07-05 23:38:45,Wet,3.86,Irrigate
91,SENSOR_7,Farm B,11.58,20.4,86.6,2025-07-03 02:33:45,Critical Low,3.83,Reduce Irrigation
92,SENSOR_19,Farm D,44.23,28.9,69.0,2025-07-02 08:48:45,Dry,4.19,Reduce Irrigation
93,SENSOR_11,Farm B,46.84,21.1,66.5,2025-07-03 07:22:45,Critical Low,3.15,Reduce Irrigation
94,SENSOR_7,Farm A,35.87,23.9,60.8,2025-07-01 09:10:45,Critical Low,3.12,Reduce Irrigation
95,SENSOR_16,Farm D,47.4,33.2,43.8,2025-07-02 18:14:45,Critical High,3.87,Reduce Irrigation
96,SENSOR_13,Farm A,32.16,26.1,40.6,2025-06-30 20:18:45,Normal,3.69,Irrigate
97,SENSOR_15,Farm A,33.75,29.3,43.2,2025-07-05 18:29:45,Normal,3.33,Reduce Irrigation
98,SENSOR_5,Farm D,28.51,20.9,41.2,2025-07-02 19:23:45,Normal,3.1,Irrigate
99,SENSOR_9,Farm B,6.4,21.3,76.8,2025-07-06 09:38:45,Wet,3.1,None
100,SENSOR_5,Farm D,10.93,18.7,51.0,2025-07-01 23:03:45,Dry,4.07,None
101,SENSOR_8,Farm B,6.73,20.9,33.5,2025-07-02 21:14:45,Dry,3.23,Irrigate
102,SENSOR_18,Farm A,40.0,22.7,88.1,2025-07-04 08:17:45,Critical High,3.39,Reduce Irrigation
103,SENSOR_18,Farm C,22.29,21.0,83.0,2025-07-07 03:44:45,Critical High,3.27,Irrigate
104,SENSOR_9,Farm D,32.97,19.5,85.7,2025-07-03 07:30:45,Critical High,3.43,None
105,SENSOR_19,Farm C,54.92,20.1,89.7,2025-07-05 01:21:45,Critical Low,3.08,Irrigate
106,SENSOR_14,Farm B,18.71,25.8,40.4,2025-07-02 11:36:45,Normal,3.62,Irrigate
107,SENSOR_19,Farm D,27.57,21.5,53.8,2025-07-02 11:15:45,Wet,3.08,Reduce Irrigation
108,SENSOR_13,Farm C,46.56,24.2,75.5,2025-07-04 20:12:45,Dry,3.96,None
109,SENSOR_12,Farm C,17.58,26.6,71.8,2025-07-03 09:38:45,Wet,3.28,Reduce Irrigation
110,SENSOR_8,Farm D,9.23,29.7,39.2,2025-07-06 09:33:45,Normal,3.65,Reduce Irrigation
111,SENSOR_5,Farm C,20.94,18.7,78.9,2025-07-03 08:22:45,Normal,4.06,Irrigate
112,SENSOR_17,Farm D,13.87,31.6,43.5,2025-07-01 08:00:45,Dry,3.78,Irrigate
113,SENSOR_16,Farm C,56.13,28.7,43.4,2025-07-03 10:44:45,Critical Low,3.64,Irrigate
114,SENSOR_3,Farm A,49.45,19.4,62.2,2025-07-06 20:08:45,Critical High,3.39,Irrigate
115,SENSOR_2,Farm D,39.84,32.9,65.6,2025-07-02 23:57:45,Critical Low,3.4,Reduce Irrigation
116,SENSOR_4,Farm A,52.93,33.7,64.8,2025-07-04 09:20:45,Normal,3.8,Reduce Irrigation
117,SENSOR_5,Farm A,49.2,19.0,35.5,2025-07-05 08:51:45,Normal,4.19,Irrigate
118,SENSOR_6,Farm C,15.26,22.7,82.6,2025-07-06 03:19:45,Critical Low,3.79,Irrigate
119,SENSOR_14,Farm B,54.09,31.7,45.9,2025-07-02 08:30:45,Critical High,3.67,None
120,SENSOR_20,Farm A,34.66,30.7,37.8,2025-07-06 11:39:45,Critical High,3.88,Reduce Irrigation
121,SENSOR_3,Farm A,49.41,21.1,83.3,2025-07-05 02:45:45,Normal,3.56,Reduce Irrigation
122,SENSOR_13,Farm A,54.29,21.6,87.3,2025-06-30 17:37:45,Critical High,3.07,Reduce Irrigation
123,SENSOR_13,Farm B,22.49,24.3,81.7,2025-07-07 06:51:45,Critical High,3.67,Irrigate
124,SENSOR_20,Farm B,11.05,26.2,78.6,2025-07-06 22:52:45,Dry,4.15,Irrigate
125,SENSOR_15,Farm A,17.54,28.5,69.3,2025-07-03 17:36:45,Dry,3.21,Irrigate
126,SENSOR_17,Farm B,28.49,24.3,63.1,2025-07-04 18:10:45,Wet,3.83,None
127,SENSOR_9,Farm B,49.99,25.9,35.2,2025-07-06 02:17:45,Critical Low,3.24,Irrigate
128,SENSOR_18,Farm B,52.34,30.7,54.5,2025-07-01 02:30:45,Normal,3.64,None
129,SENSOR_1,Farm D,5.38,18.6,52.4,2025-07-05 04:38:45,Critical High,3.12,Irrigate
130,SENSOR_4,Farm A,33.09,22.3,45.6,2025-07-06 17:56:45,Wet,3.54,Reduce Irrigation
131,SENSOR_18,Farm B,27.96,30.1,73.4,2025-07-01 05:20:45,Dry,3.91,None
132,SENSOR_9,Farm D,17.22,33.2,59.8,2025-07-05 04:06:45,Critical High,3.42,Irrigate
133,SENSOR_11,Farm C,11.59,26.7,34.9,2025-06-30 20:33:45,Critical Low,3.8,Irrigate
134,SENSOR_4,Farm C,23.57,27.0,43.2,2025-07-05 01:42:45,Dry,3.95,Reduce Irrigation
135,SENSOR_10,Farm B,56.86,19.8,71.0,2025-07-04 21:03:45,Normal,4.11,Irrigate
136,SENSOR_14,Farm A,22.78,25.6,34.6,2025-07-03 18:57:45,Critical High,3.28,Reduce Irrigation
137,SENSOR_6,Farm B,33.53,27.1,81.1,2025-07-05 20:23:45,Wet,3.48,Irrigate
138,SENSOR_15,Farm C,43.67,22.1,59.7,2025-06-30 17:56:45,Normal,3.18,None
139,SENSOR_1,Farm A,25.0,22.6,58.8,2025-07-07 11:54:45,Critical High,4.19,None
140,SENSOR_9,Farm A,58.45,24.4,65.5,2025-07-04 08:58:45,Critical High,4.11,Reduce Irrigation
141,SENSOR_17,Farm C,57.93,18.3,79.5,2025-07-05 21:10:45,Critical High,3.65,Irrigate
142,SENSOR_6,Farm D,18.85,23.5,50.9,2025-07-06 01:11:45,Critical High,4.01,Reduce Irrigation
143,SENSOR_17,Farm D,32.35,21.6,70.7,2025-07-01 09:10:45,Critical High,3.63,Reduce Irrigation
144,SENSOR_4,Farm B,21.55,23.6,63.9,2025-07-04 16:14:45,Normal,3.75,Irrigate
145,SENSOR_10,Farm A,20.67,20.0,46.0,2025-07-05 13:02:45,Critical Low,3.11,None
146,SENSOR_17,Farm B,7.03,33.1,82.7,2025-07-06 06:39:45,Critical Low,3.91,None
147,SENSOR_20,Farm A,38.53,28.1,77.8,2025-07-07 05:38:45,Normal,3.15,Reduce Irrigation
148,SENSOR_7,Farm C,32.65,29.5,69.5,2025-07-06 00:41:45,Critical Low,3.99,Reduce Irrigation
149,SENSOR_5,Farm A,7.83,31.4,81.0,2025-07-07 08:37:45,Wet,3.94,Reduce Irrigation
150,SENSOR_12,Farm A,20.33,26.5,82.0,2025-07-03 10:51:45,Wet,3.85,None
151,SENSOR_6,Farm C,54.95,19.5,72.5,2025-07-04 19:42:45,Normal,3.04,None
152,SENSOR_18,Farm D,18.18,27.1,80.2,2025-06-30 19:53:45,Wet,3.36,None
153,SENSOR_17,Farm C,12.97,28.0,71.8,2025-07-03 20:16:45,Normal,3.32,Reduce Irrigation
154,SENSOR_1,Farm A,31.92,30.7,70.8,2025-07-07 08:22:45,Wet,3.43,Reduce Irrigation
155,SENSOR_20,Farm C,59.21,25.3,67.1,2025-07-05 13:06:45,Dry,3.11,None
156,SENSOR_11,Farm A,18.31,20.2,75.2,2025-07-04 12:13:45,Normal,4.12,Reduce Irrigation
157,SENSOR_16,Farm D,41.97,22.8,39.5,2025-07-06 22:22:45,Critical High,3.66,None
158,SENSOR_1,Farm D,46.89,24.2,82.9,2025-07-06 02:04:45,Wet,3.37,None
159,SENSOR_4,Farm A,18.07,29.0,82.3,2025-07-02 17:43:45,Dry,3.48,None
160,SENSOR_12,Farm D,45.05,27.7,31.8,2025-07-01 13:01:45,Normal,3.54,Irrigate
161,SENSOR_10,Farm C,25.23,24.1,79.5,2025-07-06 05:38:45,Wet,3.72,Irrigate
162,SENSOR_8,Farm D,39.78,34.8,37.7,2025-07-06 19:19:45,Critical High,3.62,Reduce Irrigation
163,SENSOR_2,Farm B,39.84,28.3,50.1,2025-07-02 02:38:45,Wet,4.1,Irrigate
164,SENSOR_8,Farm D,34.47,22.0,74.6,2025-07-02 10:16:45,Dry,3.6,None
165,SENSOR_19,Farm B,9.97,19.7,39.6,2025-07-03 09:49:45,Critical Low,4.19,Reduce Irrigation
166,SENSOR_3,Farm C,50.94,20.6,79.1,2025-07-01 16:32:45,Critical Low,4.02,None
167,SENSOR_3,Farm D,22.64,22.2,79.9,2025-06-30 18:34:45,Dry,3.25,None
168,SENSOR_16,Farm D,15.26,20.7,60.4,2025-07-06 06:54:45,Dry,4.12,Reduce Irrigation
169,SENSOR_3,Farm D,7.24,21.2,30.4,2025-07-02 09:15:45,Normal,3.14,None
170,SENSOR_18,Farm C,37.5,22.8,47.2,2025-07-01 19:06:45,Critical Low,3.98,Irrigate
171,SENSOR_5,Farm C,42.27,20.9,67.0,2025-07-05 00:11:45,Normal,3.46,Reduce Irrigation
172,SENSOR_5,Farm B,5.91,33.2,88.9,2025-07-07 00:50:45,Wet,4.05,Irrigate
173,SENSOR_16,Farm A,33.17,19.4,67.9,2025-07-01 14:17:45,Dry,4.04,Irrigate
174,SENSOR_18,Farm C,17.46,26.9,45.6,2025-07-04 02:19:45,Normal,3.97,Reduce Irrigation
175,SENSOR_6,Farm D,40.48,25.0,68.0,2025-07-02 07:36:45,Dry,3.95,None
176,SENSOR_9,Farm B,14.59,34.7,62.4,2025-07-07 04:10:45,Normal,3.37,Irrigate
177,SENSOR_17,Farm D,43.0,19.9,76.8,2025-07-06 20:04:45,Wet,3.1,Irrigate
178,SENSOR_20,Farm D,26.27,24.8,36.4,2025-07-02 01:53:45,Wet,3.48,Irrigate
179,SENSOR_14,Farm C,56.52,34.5,75.7,2025-07-02 23:00:45,Critical High,3.21,Reduce Irrigation
180,SENSOR_7,Farm A,12.56,32.7,62.5,2025-07-02 16:16:45,Critical Low,3.83,None
181,SENSOR_18,Farm D,23.76,31.9,87.8,2025-07-06 07:12:45,Critical High,3.42,None
182,SENSOR_7,Farm C,11.24,22.4,50.5,2025-07-01 22:48:45,Critical Low,4.17,Reduce Irrigation
183,SENSOR_10,Farm B,55.86,20.9,68.0,2025-07-02 11:33:45,Wet,3.77,Reduce Irrigation
184,SENSOR_13,Farm D,53.25,29.4,85.9,2025-07-06 16:36:45,Normal,3.99,None
185,SENSOR_12,Farm B,19.19,33.8,36.2,2025-07-06 14:37:45,Dry,3.16,Reduce Irrigation
186,SENSOR_15,Farm C,41.3,27.5,86.2,2025-07-03 20:43:45,Wet,4.03,Reduce Irrigation
187,SENSOR_17,Farm C,49.95,27.7,71.3,2025-06-30 14:34:45,Wet,4.11,Reduce Irrigation
188,SENSOR_15,Farm C,35.54,22.8,34.1,2025-07-05 20:10:45,Normal,3.58,None
189,SENSOR_4,Farm C,34.13,31.1,48.1,2025-07-06 18:44:45,Wet,3.73,None
190,SENSOR_8,Farm C,18.3,21.2,72.5,2025-07-06 02:13:45,Wet,3.92,Irrigate
191,SENSOR_8,Farm A,10.12,23.5,34.0,2025-07-04 09:35:45,Normal,3.21,None
192,SENSOR_3,Farm B,54.35,25.2,64.9,2025-06-30 20:50:45,Wet,3.6,None
193,SENSOR_11,Farm A,54.52,26.6,50.8,2025-07-01 06:56:45,Critical Low,3.48,Irrigate
194,SENSOR_1,Farm B,39.82,22.1,67.3,2025-07-03 19:53:45,Critical Low,3.18,Irrigate
195,SENSOR_19,Farm D,23.65,20.0,32.7,2025-07-03 04:40:45,Critical Low,3.44,None
196,SENSOR_18,Farm D,24.21,28.4,82.3,2025-06-30 17:33:45,Critical Low,3.08,Reduce Irrigation
197,SENSOR_8,Farm B,44.93,22.9,88.4,2025-07-01 11:48:45,Wet,3.03,Irrigate
198,SENSOR_19,Farm D,54.34,27.9,88.1,2025-07-04 04:09:45,Dry,3.16,None
199,SENSOR_8,Farm D,53.79,20.6,75.0,2025-07-02 08:47:45,Critical Low,4.16,None
200,SENSOR_1,Farm D,47.89,26.2,37.8,2025-07-01 18:38:45,Critical Low,3.66,Irrigate
201,SENSOR_3,Farm A,40.31,27.1,75.5,2025-06-30 15:21:45,Wet,4.16,Reduce Irrigation
202,SENSOR_2,Farm A,9.63,18.9,31.5,2025-07-02 15:12:45,Critical High,3.52,Reduce Irrigation
203,SENSOR_8,Farm C,13.89,23.7,31.3,2025-07-06 09:36:45,Wet,3.37,None
204,SENSOR_3,Farm B,54.42,20.3,49.4,2025-07-06 05:26:45,Normal,3.61,Irrigate
205,SENSOR_2,Farm D,38.35,19.1,59.3,2025-07-01 06:07:45,Critical Low,3.53,Irrigate
206,SENSOR_11,Farm B,5.51,34.8,76.2,2025-07-05 01:58:45,Normal,3.13,Irrigate
207,SENSOR_3,Farm C,10.58,23.5,71.0,2025-07-02 15:14:45,Critical Low,3.77,Reduce Irrigation
208,SENSOR_17,Farm C,41.49,31.8,56.8,2025-07-02 09:22:45,Critical High,3.26,Reduce Irrigation
209,SENSOR_8,Farm D,5.28,22.3,46.4,2025-07-04 22:17:45,Dry,3.74,Reduce Irrigation
210,SENSOR_9,Farm C,13.84,29.6,89.8,2025-07-02 19:41:45,Critical High,3.78,Irrigate
211,SENSOR_16,Farm D,35.18,30.9,55.6,2025-07-03 16:07:45,Wet,3.18,None
212,SENSOR_7,Farm C,43.05,28.1,57.1,2025-07-02 08:50:45,Wet,3.07,Reduce Irrigation
213,SENSOR_18,Farm C,40.86,26.0,39.8,2025-07-02 23:48:45,Normal,3.94,Irrigate
214,SENSOR_5,Farm D,17.33,25.0,77.7,2025-07-02 19:05:45,Normal,3.55,Irrigate
215,SENSOR_19,Farm C,44.17,23.9,71.6,2025-07-06 10:43:45,Wet,3.07,None
216,SENSOR_19,Farm C,18.05,33.8,43.2,2025-07-03 23:20:45,Wet,4.19,None
217,SENSOR_16,Farm C,22.9,32.1,34.9,2025-07-02 16:08:45,Wet,3.07,Irrigate
218,SENSOR_8,Farm B,46.06,34.4,70.8,2025-07-03 23:20:45,Critical Low,3.83,None
219,SENSOR_16,Farm A,40.73,20.1,69.3,2025-07-04 15:04:45,Critical High,4.18,Reduce Irrigation
220,SENSOR_14,Farm B,51.71,30.4,46.4,2025-07-03 06:28:45,Critical Low,3.29,Irrigate
221,SENSOR_7,Farm C,41.17,34.0,87.1,2025-07-05 19:00:45,Dry,3.17,Reduce Irrigation
222,SENSOR_4,Farm A,36.26,21.1,39.1,2025-07-02 03:10:45,Critical Low,3.15,Irrigate
223,SENSOR_4,Farm B,10.15,19.1,55.9,2025-07-06 18:21:45,Wet,3.36,Reduce Irrigation
224,SENSOR_14,Farm B,25.22,30.6,86.6,2025-07-06 11:46:45,Critical Low,3.12,None
225,SENSOR_12,Farm B,19.59,27.8,55.2,2025-07-06 13:22:45,Normal,3.83,None
226,SENSOR_14,Farm D,18.42,32.3,68.3,2025-07-06 11:13:45,Wet,3.07,Reduce Irrigation
227,SENSOR_14,Farm C,58.52,20.4,53.9,2025-07-02 14:45:45,Critical High,3.61,Irrigate
228,SENSOR_15,Farm C,26.62,31.5,46.5,2025-07-06 10:18:45,Critical Low,4.2,Irrigate
229,SENSOR_2,Farm A,54.06,21.4,89.0,2025-07-03 06:55:45,Wet,3.98,Reduce Irrigation
230,SENSOR_4,Farm B,39.71,20.8,54.6,2025-07-06 01:09:45,Normal,3.74,Reduce Irrigation
231,SENSOR_2,Farm C,48.71,20.8,83.6,2025-07-01 04:45:45,Normal,3.37,None
232,SENSOR_13,Farm B,32.65,31.8,43.8,2025-07-06 20:18:45,Critical Low,3.75,None
233,SENSOR_11,Farm C,36.73,29.3,42.8,2025-06-30 20:32:45,Wet,3.63,Reduce Irrigation
234,SENSOR_4,Farm B,32.09,26.9,31.9,2025-07-01 03:19:45,Critical High,3.51,Reduce Irrigation
235,SENSOR_8,Farm C,15.74,24.1,69.1,2025-07-01 03:18:45,Dry,3.16,Irrigate
236,SENSOR_7,Farm A,44.73,32.9,52.1,2025-07-03 18:40:45,Normal,4.06,Irrigate
237,SENSOR_7,Farm B,20.44,24.7,81.9,2025-07-06 03:18:45,Dry,3.54,Reduce Irrigation
238,SENSOR_18,Farm C,6.34,31.9,58.4,2025-07-02 20:30:45,Critical High,3.23,Irrigate
239,SENSOR_15,Farm A,40.5,25.5,88.1,2025-07-03 12:07:45,Critical Low,3.44,None
240,SENSOR_5,Farm A,14.74,24.4,41.1,2025-07-02 17:11:45,Normal,3.5,Irrigate
241,SENSOR_14,Farm C,56.73,25.9,82.1,2025-07-06 22:38:45,Dry,3.99,Reduce Irrigation
242,SENSOR_6,Farm B,57.47,23.1,76.6,2025-07-04 06:08:45,Normal,3.88,None
243,SENSOR_9,Farm D,55.32,30.7,76.3,2025-06-30 16:43:45,Dry,3.92,None
244,SENSOR_15,Farm A,25.36,26.5,80.7,2025-07-03 23:21:45,Wet,3.01,None
245,SENSOR_8,Farm A,5.85,21.9,75.7,2025-07-03 12:39:45,Wet,3.5,Irrigate
246,SENSOR_3,Farm C,56.06,33.3,67.6,2025-07-06 08:23:45,Critical Low,3.58,Irrigate
247,SENSOR_15,Farm D,28.55,24.5,37.9,2025-06-30 22:52:45,Critical High,3.02,None
248,SENSOR_18,Farm D,58.17,27.2,32.0,2025-07-01 18:07:45,Normal,3.31,None
249,SENSOR_4,Farm D,58.0,33.4,85.3,2025-07-05 02:35:45,Critical High,3.91,Irrigate
250,SENSOR_2,Farm C,51.92,28.6,67.0,2025-07-05 18:25:45,Dry,3.16,Irrigate
251,SENSOR_18,Farm B,21.19,20.0,77.8,2025-07-02 01:00:45,Critical Low,3.64,None
252,SENSOR_1,Farm A,26.18,34.0,58.9,2025-07-04 23:26:45,Wet,3.26,Irrigate
253,SENSOR_3,Farm C,51.81,28.7,37.0,2025-07-06 07:07:45,Wet,3.01,Irrigate
254,SENSOR_8,Farm D,22.43,23.7,37.5,2025-07-03 13:04:45,Critical Low,3.29,Irrigate
255,SENSOR_6,Farm A,14.32,20.4,71.1,2025-07-01 04:47:45,Normal,4.17,Irrigate
256,SENSOR_14,Farm A,35.62,31.5,55.8,2025-07-03 08:18:45,Critical High,3.96,Reduce Irrigation
257,SENSOR_16,Farm D,56.49,28.5,42.0,2025-07-06 05:18:45,Dry,4.15,Reduce Irrigation
258,SENSOR_16,Farm D,43.28,27.1,59.5,2025-07-04 08:36:45,Critical High,3.59,Reduce Irrigation
259,SENSOR_7,Farm A,36.35,33.2,33.9,2025-06-30 23:54:45,Wet,3.13,None
260,SENSOR_13,Farm A,10.34,31.4,64.9,2025-07-04 22:55:45,Critical Low,3.66,Irrigate
261,SENSOR_2,Farm B,38.83,20.6,46.1,2025-07-02 15:30:45,Wet,3.55,Reduce Irrigation
262,SENSOR_6,Farm B,59.45,23.3,77.9,2025-07-01 03:30:45,Wet,4.01,Irrigate
263,SENSOR_13,Farm C,12.7,22.2,48.6,2025-07-01 04:39:45,Dry,3.12,Reduce Irrigation
264,SENSOR_1,Farm A,33.51,30.6,57.3,2025-07-07 05:30:45,Normal,3.59,None
265,SENSOR_13,Farm B,53.26,18.6,30.7,2025-06-30 14:23:45,Normal,3.18,None
266,SENSOR_9,Farm A,45.74,27.7,34.3,2025-07-04 11:39:45,Dry,3.39,Reduce Irrigation
267,SENSOR_15,Farm D,43.34,31.0,53.5,2025-07-07 04:46:45,Critical Low,3.88,None
268,SENSOR_10,Farm B,43.64,32.9,58.8,2025-07-05 11:25:45,Critical High,3.57,Irrigate
269,SENSOR_14,Farm D,24.77,23.8,66.0,2025-07-04 10:03:45,Critical Low,3.45,Irrigate
270,SENSOR_18,Farm D,21.15,32.0,47.5,2025-07-04 00:18:45,Critical High,3.47,None
271,SENSOR_16,Farm D,49.51,19.9,71.7,2025-07-03 15:53:45,Normal,3.55,Irrigate
272,SENSOR_5,Farm C,49.56,32.4,81.6,2025-07-03 12:49:45,Wet,3.94,Reduce Irrigation
273,SENSOR_7,Farm D,52.69,20.2,76.8,2025-07-07 11:00:45,Wet,4.07,Reduce Irrigation
274,SENSOR_10,Farm C,55.23,24.8,32.4,2025-07-05 11:08:45,Critical Low,4.15,Reduce Irrigation
275,SENSOR_7,Farm A,33.12,31.6,58.8,2025-07-05 21:33:45,Dry,3.94,Irrigate
276,SENSOR_2,Farm A,32.58,20.5,36.3,2025-07-01 02:02:45,Critical High,3.38,Reduce Irrigation
277,SENSOR_19,Farm B,48.91,21.9,44.5,2025-07-02 23:14:45,Wet,3.83,None
278,SENSOR_18,Farm B,40.75,30.3,89.2,2025-07-06 17:40:45,Critical Low,3.53,Reduce Irrigation
279,SENSOR_2,Farm C,43.61,30.2,38.5,2025-07-05 21:56:45,Dry,3.31,Irrigate
280,SENSOR_11,Farm A,48.77,28.9,59.9,2025-07-07 04:18:45,Normal,4.01,Irrigate
281,SENSOR_2,Farm B,53.95,29.8,67.1,2025-07-06 11:37:45,Dry,3.05,Reduce Irrigation
282,SENSOR_2,Farm B,23.59,27.2,72.1,2025-07-01 11:49:45,Normal,4.08,None
283,SENSOR_19,Farm B,25.66,22.3,63.6,2025-07-05 01:56:45,Critical Low,3.55,None
284,SENSOR_16,Farm A,10.17,23.9,30.6,2025-07-03 05:57:45,Dry,3.76,None
285,SENSOR_17,Farm B,36.81,21.1,49.6,2025-07-02 18:02:45,Critical Low,3.79,Irrigate
286,SENSOR_17,Farm A,6.98,33.4,61.1,2025-07-02 08:48:45,Normal,4.07,None
287,SENSOR_6,Farm D,30.61,27.9,35.3,2025-07-03 15:35:45,Wet,3.76,Irrigate
288,SENSOR_2,Farm D,34.85,24.8,51.0,2025-07-05 17:42:45,Wet,3.74,Reduce Irrigation
289,SENSOR_17,Farm D,20.76,25.9,32.0,2025-07-03 07:38:45,Normal,3.08,Reduce Irrigation
290,SENSOR_3,Farm C,37.5,34.1,34.7,2025-07-03 23:35:45,Critical High,3.62,Irrigate
291,SENSOR_6,Farm A,6.68,20.6,53.8,2025-07-03 20:06:45,Critical High,3.18,Irrigate
292,SENSOR_3,Farm B,7.05,28.0,38.0,2025-07-01 01:41:45,Wet,3.88,Reduce Irrigation
293,SENSOR_20,Farm C,50.24,26.6,64.1,2025-06-30 17:52:45,Wet,3.61,Reduce Irrigation
294,SENSOR_3,Farm C,24.81,28.4,71.4,2025-07-06 13:29:45,Dry,3.82,Irrigate
295,SENSOR_8,Farm D,11.99,18.3,78.0,2025-07-06 22:19:45,Dry,3.05,Reduce Irrigation
296,SENSOR_13,Farm A,33.72,32.8,42.0,2025-07-05 18:11:45,Wet,3.1,Reduce Irrigation
297,SENSOR_4,Farm B,47.35,33.8,40.0,2025-07-05 17:41:45,Critical High,3.86,None
298,SENSOR_19,Farm C,16.87,27.6,36.3,2025-07-06 23:05:45,Dry,3.09,None
299,SENSOR_8,Farm B,39.26,29.8,68.2,2025-07-06 14:24:45,Normal,3.09,Reduce Irrigation
300,SENSOR_19,Farm D,9.69,33.7,72.4,2025-07-04 10:22:45,Dry,3.01,Reduce Irrigation
301,SENSOR_20,Farm A,7.84,30.0,31.9,2025-07-02 11:41:45,Dry,4.15,None
302,SENSOR_2,Farm B,34.22,20.6,86.2,2025-07-02 16:53:45,Dry,3.89,Reduce Irrigation
303,SENSOR_20,Farm B,34.73,27.8,33.1,2025-07-02 00:03:45,Critical Low,3.42,Irrigate
304,SENSOR_3,Farm C,40.06,28.3,62.5,2025-06-30 14:54:45,Normal,3.36,Reduce Irrigation
305,SENSOR_14,Farm B,44.94,25.2,72.5,2025-07-02 11:58:45,Wet,3.42,Reduce Irrigation
306,SENSOR_19,Farm A,58.67,30.5,82.3,2025-07-02 19:35:45,Critical High,3.93,Irrigate
307,SENSOR_19,Farm A,33.4,33.9,72.8,2025-07-04 10:05:45,Critical High,3.79,None
308,SENSOR_17,Farm B,22.76,33.7,78.1,2025-07-05 01:49:45,Wet,3.22,Reduce Irrigation
309,SENSOR_11,Farm C,48.74,25.7,50.4,2025-07-01 16:46:45,Critical Low,3.21,None
310,SENSOR_9,Farm C,19.9,19.9,78.9,2025-07-06 05:36:45,Critical High,3.12,None
311,SENSOR_7,Farm D,29.14,34.7,34.8,2025-07-03 14:25:45,Dry,3.79,Reduce Irrigation
312,SENSOR_11,Farm A,9.32,32.3,83.7,2025-07-02 15:17:45,Critical High,3.92,Reduce Irrigation
313,SENSOR_8,Farm D,6.39,20.1,62.9,2025-07-06 06:24:45,Normal,3.32,None
314,SENSOR_9,Farm C,57.95,33.7,79.0,2025-07-04 07:20:45,Normal,3.03,Reduce Irrigation
315,SENSOR_13,Farm D,50.98,32.8,57.1,2025-06-30 18:43:45,Wet,3.1,Reduce Irrigation
316,SENSOR_5,Farm C,43.28,26.8,68.6,2025-07-01 23:48:45,Critical Low,4.16,None
317,SENSOR_10,Farm D,27.49,28.1,61.6,2025-07-01 12:47:45,Critical Low,3.35,None
318,SENSOR_15,Farm D,14.53,24.8,73.9,2025-07-04 00:27:45,Critical High,3.92,Irrigate
319,SENSOR_11,Farm A,13.6,18.9,34.9,2025-07-07 00:16:45,Critical Low,3.75,Reduce Irrigation
320,SENSOR_3,Farm A,18.76,23.7,33.6,2025-07-05 00:28:45,Critical Low,3.46,Irrigate
321,SENSOR_1,Farm D,35.21,31.6,44.8,2025-07-03 00:45:45,Critical High,3.25,None
322,SENSOR_15,Farm C,44.3,18.1,39.6,2025-06-30 17:01:45,Normal,3.15,Reduce Irrigation
323,SENSOR_20,Farm C,41.31,23.7,82.3,2025-07-06 21:43:45,Dry,3.74,None
324,SENSOR_19,Farm A,20.4,24.8,43.2,2025-07-07 10:35:45,Wet,3.93,Reduce Irrigation
325,SENSOR_4,Farm A,57.52,27.1,88.6,2025-07-05 04:51:45,Normal,3.77,Reduce Irrigation
326,SENSOR_3,Farm B,45.58,33.6,50.2,2025-07-04 02:22:45,Critical Low,3.64,Irrigate
327,SENSOR_18,Farm A,35.49,23.9,40.9,2025-07-05 03:00:45,Critical Low,3.05,None
328,SENSOR_7,Farm C,38.64,23.9,77.4,2025-07-05 23:12:45,Critical High,4.16,Reduce Irrigation
329,SENSOR_17,Farm A,28.08,30.5,69.5,2025-07-04 14:54:45,Wet,3.96,Irrigate
330,SENSOR_9,Farm B,18.63,25.7,59.9,2025-07-04 05:38:45,Dry,3.35,None
331,SENSOR_5,Farm D,24.58,21.8,63.3,2025-07-03 19:05:45,Critical High,4.18,Irrigate
332,SENSOR_12,Farm D,46.68,25.7,73.2,2025-07-06 03:55:45,Critical High,3.72,None
333,SENSOR_3,Farm C,5.79,20.4,43.7,2025-07-07 10:34:45,Dry,3.7,Reduce Irrigation
334,SENSOR_8,Farm B,11.38,21.0,89.8,2025-07-01 20:51:45,Dry,3.9,Irrigate
335,SENSOR_12,Farm D,7.53,26.5,88.5,2025-07-02 15:05:45,Critical Low,3.97,Irrigate
336,SENSOR_10,Farm D,7.24,25.1,69.0,2025-07-05 12:42:45,Critical High,3.79,Reduce Irrigation
337,SENSOR_6,Farm A,52.05,33.6,42.0,2025-07-06 01:24:45,Normal,3.15,None
338,SENSOR_15,Farm D,43.7,24.2,70.8,2025-07-03 04:51:45,Normal,3.41,Reduce Irrigation
339,SENSOR_18,Farm C,31.08,27.9,34.3,2025-07-01 11:15:45,Critical High,4.11,Irrigate
340,SENSOR_10,Farm D,10.38,28.7,31.8,2025-07-04 21:50:45,Dry,3.27,Reduce Irrigation
341,SENSOR_20,Farm C,32.04,18.2,45.5,2025-07-01 20:04:45,Wet,3.45,Irrigate
342,SENSOR_17,Farm C,31.04,29.3,57.8,2025-07-01 04:06:45,Dry,3.52,Reduce Irrigation
343,SENSOR_1,Farm A,14.53,21.0,82.1,2025-07-03 11:58:45,Dry,3.53,None
344,SENSOR_18,Farm B,28.86,34.3,73.6,2025-07-06 17:00:45,Wet,3.74,Irrigate
345,SENSOR_10,Farm C,26.92,20.5,74.6,2025-07-03 00:15:45,Dry,4.13,Irrigate
346,SENSOR_4,Farm D,38.87,25.0,55.5,2025-07-07 01:07:45,Wet,3.29,None
347,SENSOR_5,Farm D,39.93,19.5,50.8,2025-07-02 13:33:45,Critical High,3.15,Reduce Irrigation
348,SENSOR_9,Farm C,7.49,34.9,52.3,2025-07-07 07:33:45,Wet,3.24,None
349,SENSOR_4,Farm D,25.6,26.5,89.3,2025-07-02 07:08:45,Normal,4.06,Reduce Irrigation
350,SENSOR_4,Farm A,39.42,28.1,32.4,2025-07-06 15:25:45,Wet,3.77,None
351,SENSOR_18,Farm D,32.67,19.1,82.0,2025-07-03 23:11:45,Dry,3.34,None
352,SENSOR_5,Farm A,52.11,30.7,64.7,2025-06-30 23:27:45,Critical High,3.98,Irrigate
353,SENSOR_9,Farm C,41.23,21.6,56.3,2025-07-02 15:27:45,Wet,4.03,Irrigate
354,SENSOR_10,Farm C,13.96,33.3,73.5,2025-07-01 00:06:45,Dry,4.02,Reduce Irrigation
355,SENSOR_20,Farm C,8.88,21.5,59.2,2025-07-02 22:14:45,Wet,4.1,None
356,SENSOR_7,Farm A,40.33,21.2,82.4,2025-07-02 18:37:45,Critical High,3.3,Reduce Irrigation
357,SENSOR_11,Farm D,6.46,18.6,84.0,2025-07-04 05:37:45,Critical High,3.91,None
358,SENSOR_7,Farm A,37.22,26.0,55.3,2025-07-06 05:13:45,Normal,3.55,None
359,SENSOR_9,Farm D,56.71,27.6,46.6,2025-07-02 22:04:45,Critical High,4.01,Irrigate
360,SENSOR_17,Farm D,36.65,19.1,65.5,2025-07-07 06:59:45,Dry,3.87,None
361,SENSOR_16,Farm A,26.35,31.2,84.7,2025-07-03 19:59:45,Critical High,3.93,Irrigate
362,SENSOR_9,Farm B,40.38,25.7,42.6,2025-07-05 13:45:45,Critical High,3.79,Irrigate
363,SENSOR_2,Farm C,30.2,26.9,67.4,2025-07-02 07:02:45,Dry,3.21,None
364,SENSOR_3,Farm D,35.01,25.5,67.9,2025-07-03 09:52:45,Dry,3.65,None
365,SENSOR_14,Farm D,56.78,24.8,74.0,2025-07-06 12:37:45,Critical High,4.18,Reduce Irrigation
366,SENSOR_9,Farm A,26.24,27.5,37.9,2025-07-02 13:25:45,Critical High,4.12,Reduce Irrigation
367,SENSOR_2,Farm B,57.87,20.6,72.9,2025-07-06 07:46:45,Wet,3.05,Reduce Irrigation
368,SENSOR_1,Farm C,54.79,21.1,84.5,2025-07-04 18:14:45,Critical High,3.2,Irrigate
369,SENSOR_11,Farm B,15.77,32.7,40.8,2025-07-02 13:42:45,Normal,3.16,Irrigate
370,SENSOR_5,Farm C,8.81,34.1,44.3,2025-06-30 19:52:45,Normal,3.87,Irrigate
371,SENSOR_9,Farm D,10.54,24.3,88.3,2025-07-02 23:20:45,Normal,3.98,Irrigate
372,SENSOR_6,Farm D,6.0,22.6,40.9,2025-07-01 13:36:45,Normal,3.26,Irrigate
373,SENSOR_15,Farm A,10.19,28.9,81.3,2025-07-06 15:12:45,Critical High,3.61,Irrigate
374,SENSOR_18,Farm A,42.57,24.9,59.5,2025-07-03 00:36:45,Wet,4.01,None
375,SENSOR_14,Farm B,8.92,18.4,44.8,2025-07-03 23:57:45,Dry,3.88,Reduce Irrigation
376,SENSOR_18,Farm B,22.54,20.7,82.2,2025-07-03 15:58:45,Critical High,3.65,Reduce Irrigation
377,SENSOR_1,Farm C,51.47,30.2,56.7,2025-07-05 00:10:45,Critical Low,3.71,Reduce Irrigation
378,SENSOR_4,Farm A,6.28,29.2,60.9,2025-07-03 17:44:45,Critical High,3.61,None
379,SENSOR_3,Farm D,49.8,18.5,51.6,2025-07-05 14:46:45,Normal,3.36,Reduce Irrigation
380,SENSOR_5,Farm A,20.5,21.8,65.6,2025-07-06 15:49:45,Critical Low,3.68,Irrigate
381,SENSOR_18,Farm B,11.5,21.9,39.8,2025-07-01 17:17:45,Critical High,3.83,None
382,SENSOR_2,Farm A,43.32,29.4,53.5,2025-07-06 05:32:45,Wet,4.05,None
383,SENSOR_12,Farm D,39.59,18.3,88.2,2025-07-01 11:47:45,Wet,3.76,Reduce Irrigation
384,SENSOR_19,Farm A,53.26,19.8,45.5,2025-07-01 17:25:45,Critical Low,3.91,Irrigate
385,SENSOR_18,Farm B,45.43,31.6,69.4,2025-07-05 07:44:45,Dry,3.19,Reduce Irrigation
386,SENSOR_5,Farm D,49.19,21.0,49.5,2025-07-03 13:16:45,Critical Low,3.55,None
387,SENSOR_14,Farm C,20.51,29.1,76.4,2025-07-03 12:48:45,Wet,3.01,Reduce Irrigation
388,SENSOR_5,Farm C,14.76,22.0,37.9,2025-07-05 20:21:45,Critical Low,3.3,None
389,SENSOR_2,Farm D,46.28,19.7,88.2,2025-07-04 20:09:45,Normal,3.87,None
390,SENSOR_10,Farm D,49.38,22.1,57.2,2025-07-06 08:36:45,Normal,4.19,None
391,SENSOR_12,Farm D,59.48,30.3,44.2,2025-07-05 20:41:45,Dry,3.12,Irrigate
392,SENSOR_2,Farm B,27.69,32.5,34.4,2025-07-04 14:47:45,Critical Low,3.48,Irrigate
393,SENSOR_12,Farm D,25.46,32.1,40.2,2025-07-05 06:48:45,Critical Low,3.96,Reduce Irrigation
394,SENSOR_7,Farm B,47.7,24.8,61.2,2025-07-05 13:18:45,Critical Low,3.24,Reduce Irrigation
395,SENSOR_8,Farm D,23.74,29.4,50.2,2025-06-30 16:11:45,Critical Low,3.67,Reduce Irrigation
396,SENSOR_4,Farm B,56.19,21.5,79.7,2025-07-05 18:56:45,Dry,3.88,Irrigate
397,SENSOR_12,Farm B,52.21,23.0,55.9,2025-07-06 16:06:45,Wet,3.74,Reduce Irrigation
398,SENSOR_18,Farm A,28.59,33.2,44.9,2025-07-05 12:18:45,Critical High,3.23,Irrigate
399,SENSOR_14,Farm C,46.3,18.2,67.0,2025-07-01 21:45:45,Dry,3.43,None
400,SENSOR_20,Farm D,46.5,19.5,72.4,2025-07-02 05:59:45,Wet,3.94,None
401,SENSOR_5,Farm C,10.67,21.5,40.0,2025-07-01 02:44:45,Wet,3.67,Irrigate
402,SENSOR_8,Farm C,54.64,18.5,40.1,2025-06-30 22:26:45,Wet,3.01,Irrigate
403,SENSOR_6,Farm A,32.79,21.1,32.2,2025-07-02 10:06:45,Critical Low,3.91,None
404,SENSOR_6,Farm C,50.46,27.9,74.2,2025-07-01 02:32:45,Dry,3.04,Irrigate
405,SENSOR_14,Farm C,22.6,25.2,69.8,2025-07-03 20:25:45,Wet,3.89,None
406,SENSOR_1,Farm D,54.25,33.2,58.5,2025-07-03 22:21:45,Critical High,3.24,Reduce Irrigation
407,SENSOR_6,Farm B,26.41,31.9,80.7,2025-07-05 19:27:45,Critical High,4.15,None
408,SENSOR_11,Farm D,5.6,23.8,78.3,2025-07-02 12:35:45,Normal,3.44,None
409,SENSOR_14,Farm D,54.8,22.4,65.1,2025-07-06 18:02:45,Wet,3.39,Reduce Irrigation
410,SENSOR_8,Farm C,10.02,24.5,82.1,2025-07-02 04:38:45,Dry,3.18,Irrigate
411,SENSOR_9,Farm C,22.56,28.0,42.4,2025-07-02 11:55:45,Critical Low,3.37,Reduce Irrigation
412,SENSOR_6,Farm D,57.25,22.6,36.7,2025-07-04 01:59:45,Normal,4.05,None
413,SENSOR_4,Farm D,57.28,28.6,46.2,2025-07-04 09:40:45,Wet,4.2,None
414,SENSOR_13,Farm C,36.54,25.0,33.4,2025-06-30 19:11:45,Critical Low,3.44,None
415,SENSOR_2,Farm B,39.75,27.4,61.9,2025-07-06 21:20:45,Dry,3.54,None
416,SENSOR_16,Farm B,29.66,25.4,86.2,2025-07-03 12:34:45,Dry,3.87,None
417,SENSOR_8,Farm D,21.13,23.0,32.4,2025-07-01 18:08:45,Normal,4.06,Reduce Irrigation
418,SENSOR_7,Farm B,23.08,34.1,37.3,2025-07-06 16:25:45,Normal,3.71,None
419,SENSOR_15,Farm D,41.99,31.0,57.1,2025-07-03 23:55:45,Wet,3.47,Irrigate
420,SENSOR_12,Farm A,46.38,20.4,86.0,2025-07-02 06:35:45,Critical Low,3.5,Reduce Irrigation
421,SENSOR_10,Farm C,48.54,32.8,49.0,2025-07-02 09:16:45,Critical High,3.83,Reduce Irrigation
422,SENSOR_8,Farm D,48.43,26.3,60.4,2025-07-07 02:24:45,Critical Low,3.0,Reduce Irrigation
423,SENSOR_8,Farm D,10.02,33.2,32.5,2025-07-06 21:08:45,Dry,3.74,None
424,SENSOR_1,Farm D,32.19,31.6,38.9,2025-07-03 07:59:45,Dry,3.43,None
425,SENSOR_7,Farm B,8.17,25.2,89.2,2025-07-04 06:17:45,Wet,3.95,Reduce Irrigation
426,SENSOR_13,Farm D,35.22,18.4,87.9,2025-07-06 15:43:45,Critical High,3.11,None
427,SENSOR_11,Farm A,29.28,22.6,30.3,2025-07-06 12:01:45,Wet,3.71,Irrigate
428,SENSOR_9,Farm B,53.82,27.2,87.1,2025-06-30 18:27:45,Dry,3.58,Irrigate
429,SENSOR_3,Farm C,24.3,28.8,68.3,2025-07-01 18:13:45,Dry,3.77,None
430,SENSOR_9,Farm A,11.44,22.4,82.1,2025-07-03 03:41:45,Critical Low,3.08,Reduce Irrigation
431,SENSOR_12,Farm D,12.86,20.4,57.3,2025-07-02 06:19:45,Critical High,3.7,None
432,SENSOR_17,Farm A,46.88,32.2,60.9,2025-06-30 22:12:45,Critical Low,3.67,None
433,SENSOR_13,Farm D,39.0,34.7,59.3,2025-07-01 05:19:45,Critical Low,3.67,None
434,SENSOR_18,Farm A,10.56,26.9,70.0,2025-07-07 01:28:45,Wet,3.72,Reduce Irrigation
435,SENSOR_11,Farm B,9.63,20.9,38.4,2025-07-02 09:52:45,Critical Low,3.81,Irrigate
436,SENSOR_1,Farm D,43.55,22.6,31.8,2025-07-01 00:34:45,Normal,3.97,None
437,SENSOR_4,Farm B,9.0,18.3,48.5,2025-07-05 09:16:45,Normal,3.32,Reduce Irrigation
438,SENSOR_9,Farm A,50.2,33.5,72.3,2025-07-03 20:53:45,Critical Low,3.99,Reduce Irrigation
439,SENSOR_6,Farm D,43.84,20.0,42.1,2025-06-30 15:28:45,Critical High,3.6,Irrigate
440,SENSOR_19,Farm C,9.47,27.8,70.4,2025-07-02 02:48:45,Critical Low,3.09,Reduce Irrigation
441,SENSOR_9,Farm C,9.67,22.7,88.2,2025-07-01 19:46:45,Dry,3.07,Reduce Irrigation
442,SENSOR_2,Farm D,59.27,27.4,35.6,2025-07-05 19:29:45,Dry,3.4,Reduce Irrigation
443,SENSOR_4,Farm A,25.58,29.1,70.4,2025-07-06 19:47:45,Critical High,3.94,Irrigate
444,SENSOR_20,Farm C,25.39,32.1,56.6,2025-07-02 09:39:45,Wet,3.85,None
445,SENSOR_14,Farm D,49.7,21.5,82.1,2025-07-06 08:25:45,Normal,3.95,Irrigate
446,SENSOR_12,Farm C,57.1,18.2,40.6,2025-07-03 14:54:45,Normal,3.62,None
447,SENSOR_11,Farm D,59.23,20.3,71.6,2025-07-06 13:39:45,Wet,3.53,Reduce Irrigation
448,SENSOR_14,Farm A,46.44,33.3,80.3,2025-07-01 18:54:45,Critical Low,3.18,Reduce Irrigation
449,SENSOR_20,Farm A,25.69,32.9,86.7,2025-07-05 13:33:45,Critical High,3.39,None
450,SENSOR_17,Farm B,9.59,28.2,71.0,2025-07-07 01:59:45,Critical Low,3.52,Irrigate
451,SENSOR_4,Farm C,47.74,28.2,59.8,2025-07-04 17:01:45,Wet,3.11,Irrigate
452,SENSOR_13,Farm B,35.71,29.3,67.1,2025-07-02 13:08:45,Critical High,3.26,Irrigate
453,SENSOR_19,Farm A,28.33,21.0,82.1,2025-07-02 12:41:45,Normal,3.72,None
454,SENSOR_7,Farm D,54.85,33.5,64.2,2025-07-01 13:34:45,Normal,3.88,Reduce Irrigation
455,SENSOR_9,Farm A,11.12,25.1,31.8,2025-07-01 13:56:45,Critical Low,4.2,Reduce Irrigation
456,SENSOR_2,Farm A,32.09,24.5,85.9,2025-06-30 14:09:45,Dry,4.12,Reduce Irrigation
457,SENSOR_14,Farm D,5.62,26.8,71.4,2025-07-05 17:20:45,Wet,3.77,None
458,SENSOR_1,Farm B,30.78,18.8,70.6,2025-07-03 09:18:45,Wet,3.51,Reduce Irrigation
459,SENSOR_17,Farm C,8.1,20.8,42.9,2025-07-03 06:52:45,Critical Low,3.76,Reduce Irrigation
460,SENSOR_18,Farm A,11.53,30.5,69.5,2025-07-04 07:26:45,Wet,3.94,Irrigate
461,SENSOR_7,Farm A,11.46,19.4,53.6,2025-07-03 02:53:45,Normal,3.14,Reduce Irrigation
462,SENSOR_12,Farm C,40.71,28.3,69.1,2025-07-02 21:03:45,Critical Low,3.49,Irrigate
463,SENSOR_14,Farm A,46.03,22.2,36.4,2025-07-03 16:17:45,Normal,4.01,None
464,SENSOR_3,Farm C,37.09,24.6,69.5,2025-06-30 17:25:45,Critical High,3.46,Irrigate
465,SENSOR_11,Farm C,57.92,22.9,90.0,2025-07-06 22:23:45,Critical High,3.69,Reduce Irrigation
466,SENSOR_20,Farm C,25.62,24.0,32.9,2025-07-03 17:18:45,Dry,3.71,Reduce Irrigation
467,SENSOR_11,Farm D,20.71,30.2,88.6,2025-07-06 18:41:45,Wet,3.22,Irrigate
468,SENSOR_4,Farm B,52.77,23.1,54.4,2025-07-03 18:39:45,Critical High,3.43,Reduce Irrigation
469,SENSOR_10,Farm B,17.3,27.6,82.2,2025-07-06 10:52:45,Wet,3.4,Irrigate
470,SENSOR_17,Farm D,57.98,26.1,76.9,2025-07-01 04:19:45,Normal,3.03,Reduce Irrigation
471,SENSOR_10,Farm B,5.67,29.3,64.0,2025-07-03 03:07:45,Critical Low,3.03,Irrigate
472,SENSOR_14,Farm B,58.34,33.9,74.3,2025-07-04 07:05:45,Critical High,4.0,Irrigate
473,SENSOR_11,Farm B,7.37,30.5,82.7,2025-07-04 15:52:45,Critical Low,3.33,None
474,SENSOR_13,Farm A,54.01,21.7,54.2,2025-06-30 16:06:45,Critical High,3.62,Irrigate
475,SENSOR_10,Farm D,34.02,18.5,49.6,2025-07-05 19:37:45,Wet,3.36,Irrigate
476,SENSOR_18,Farm B,59.61,22.5,70.1,2025-07-03 17:39:45,Critical High,4.13,None
477,SENSOR_5,Farm D,9.06,28.1,78.5,2025-07-06 14:25:45,Critical High,3.31,Reduce Irrigation
478,SENSOR_7,Farm B,35.46,18.9,75.7,2025-06-30 21:33:45,Normal,3.52,Irrigate
479,SENSOR_14,Farm B,58.31,26.4,77.9,2025-07-05 22:03:45,Dry,4.05,None
480,SENSOR_13,Farm D,33.77,28.1,56.1,2025-07-03 13:09:45,Normal,4.01,None
481,SENSOR_6,Farm C,39.62,23.7,79.1,2025-07-03 23:58:45,Critical Low,3.22,Irrigate
482,SENSOR_20,Farm D,43.27,31.1,37.2,2025-07-03 01:39:45,Wet,3.96,Reduce Irrigation
483,SENSOR_19,Farm C,30.0,19.8,62.7,2025-07-06 01:28:45,Wet,3.55,None
484,SENSOR_10,Farm A,39.52,19.3,30.3,2025-06-30 18:11:45,Critical High,3.58,Irrigate
485,SENSOR_13,Farm D,37.14,30.4,49.5,2025-07-06 13:32:45,Wet,3.16,None
486,SENSOR_18,Farm C,54.56,26.4,52.0,2025-07-04 00:08:45,Dry,3.1,Reduce Irrigation
487,SENSOR_1,Farm B,7.5,29.7,53.8,2025-07-01 04:03:45,Dry,3.87,Irrigate
488,SENSOR_10,Farm A,20.45,25.4,71.7,2025-07-03 05:49:45,Critical High,3.6,Irrigate
489,SENSOR_10,Farm D,57.27,22.2,53.3,2025-07-03 18:59:45,Critical High,3.52,Reduce Irrigation
490,SENSOR_7,Farm C,53.96,31.9,56.9,2025-07-06 01:47:45,Critical Low,3.88,Reduce Irrigation
491,SENSOR_14,Farm C,30.06,31.6,44.3,2025-07-01 12:56:45,Critical High,3.92,None
492,SENSOR_19,Farm D,39.11,29.8,52.4,2025-07-06 11:09:45,Normal,3.19,Irrigate
493,SENSOR_20,Farm C,20.26,22.6,43.6,2025-07-02 17:03:45,Normal,3.73,None
494,SENSOR_11,Farm D,15.35,28.0,34.4,2025-07-01 17:49:45,Normal,3.16,Irrigate
495,SENSOR_15,Farm C,30.5,24.1,66.2,2025-07-03 09:52:45,Dry,3.9,None
496,SENSOR_15,Farm B,24.43,19.6,70.1,2025-07-07 07:42:45,Wet,3.79,Irrigate
497,SENSOR_15,Farm D,37.1,33.6,67.2,2025-07-03 09:40:45,Critical Low,4.15,Reduce Irrigation
498,SENSOR_7,Farm D,9.28,20.3,57.8,2025-07-04 00:20:45,Critical High,3.08,None
499,SENSOR_17,Farm A,58.59,34.2,52.8,2025-07-05 11:27:45,Critical Low,3.07,Irrigate
500,SENSOR_16,Farm B,59.24,25.6,81.8,2025-07-05 02:11:45,Dry,3.34,Irrigate
